"timestamp","type","user","method","url","ip","description"
"2025-05-26 09:03:03","PROXY","alaa.salem","GET","http://helpdesk.um6p.ma/reset-password","IP:10.10.12.56","Connexion rapide et répétée au même endpoint"
"2025-05-26 09:04:39","PROXY","mohamed.hassan","POST","http://suspicious-mirror.com/download.exe","IP:10.10.12.2","Bloqué, domaine inconnu"
"2025-05-26 09:05:10","PROXY","habib.mahfouz","GET","http://helpdesk.um6p.ma/reset-password","IP:10.10.12.118","Trafic inhabituel détecté"
"2025-05-26 09:06:54","PROXY","karim.faraj","POST","http://iot.um6p.ma/devices/status","IP:10.10.12.85","Téléchargement de script bloqué"
"2025-05-26 09:07:10","PROXY","rima.bashir","GET","http://192.168.100.5/api/v1/token","IP:10.10.12.142","Scan de port détecté"
"2025-05-26 09:08:45","PROXY","yasir.abdullah","POST","http://192.168.100.5/api/v1/token","IP:10.10.12.92","Téléchargement de script bloqué"
"2025-05-26 09:09:19","PROXY","reem.ali","POST","http://finance.um6p.ma/reports/q2","IP:10.10.12.46","Tentative d'accès externe non autorisé"
"2025-05-26 09:10:47","PROXY","aya.zahra","GET","http://phish-zone.com/intranet","IP:10.10.12.11","Échec accès, utilisateur inconnu"
"2025-05-26 09:11:23","PROXY","omar.hakim","GET","http://vpn-service.um6p.ma/login","IP:10.10.12.28","Activité suspecte sur poste utilisateur"
"2025-05-26 09:12:05","PROXY","ali.mostafa","GET","http://10.10.12.45/login.html","IP:10.10.12.8","Fichier téléchargé analysé, pas de menace"
"2025-05-26 09:13:54","PROXY","ghassan.sharif","POST","http://temp-mail.org/inbox","IP:10.10.12.77","Connexion sans User-Agent détectée"
"2025-05-26 09:14:29","PROXY","mahmoud.najjar","POST","http://wiki.um6p.ma/howto/firewall","IP:10.10.12.139","Requête HTTP non conforme"
"2025-05-26 09:15:50","PROXY","layla.abdullah","GET","http://internal.dev.um6p.ma/debug","IP:10.10.12.5","Utilisateur bloqué par politique réseau"
"2025-05-26 09:16:24","PROXY","muna.bakr","POST","http://cache.um6p.ma/images/logo.png","IP:10.10.12.23","Trafic normal"
"2025-05-26 09:17:36","PROXY","layla.abdullah","POST","http://ceo-fake.company.org","IP:10.10.12.5","Navigation anormale détectée"
"2025-05-26 09:18:20","PROXY","hafsa.mansur","POST","https://hr.um6p.ma/leave/request","IP:10.10.12.128","Connexion vers URL inconnue"
"2025-05-26 09:19:03","PROXY","shaden.naqib","GET","https://vpn.um6p.ma/portal","IP:10.10.12.112","Connexion sans User-Agent détectée"
"2025-05-26 09:20:35","PROXY","hamza.zaki","GET","https://hr.um6p.ma/leave/request","IP:10.10.12.43","Signature de phishing connue détectée"
"2025-05-26 09:21:01","PROXY","zain.ghazal","POST","http://internal-portal.um6p.ma/announcements","IP:10.10.12.97","Page classée comme site de crypto-mining"
"2025-05-26 09:22:30","PROXY","firas.abbas","GET","http://um6p-ma-reporting.internal.net","IP:10.10.12.131","Session expirée - nouvelle tentative détectée"
"2025-05-26 09:23:57","PROXY","samir.shaheen","POST","https://vpn-access.um6p.ma/token","IP:10.10.12.83","Connexion validée via double authentification"
"2025-05-26 09:24:03","PROXY","samira.karim","GET","http://drive-by-download.org/index.html","IP:10.10.12.98","Requête HTTP non conforme"
"2025-05-26 09:25:48","PROXY","jamila.kamal","GET","http://ceo-fake.company.org","IP:10.10.12.140","Tentative de bypass sécurité AD"
"2025-05-26 09:26:21","PROXY","bilal.mansour","GET","http://backdoor.um6p.fake/path","IP:10.10.12.123","Requête vers domaine anonyme"
"2025-05-26 09:27:40","PROXY","bilal.abdelaziz","GET","http://cache.um6p.ma/images/logo.png","IP:10.10.12.34","Page classée comme site de crypto-mining"
"2025-05-26 09:28:28","PROXY","mustafa.alraqi","POST","http://admin.um6p.ma/tools/logs","IP:10.10.12.41","Tentative de contournement du proxy"
"2025-05-26 09:29:37","PROXY","salma.hamdan","GET","http://192.168.100.5/api/v1/token","IP:10.10.12.9","Signature de malware détectée"
"2025-05-26 09:30:49","PROXY","zahra.mahdi","GET","http://10.10.12.45/login.html","IP:10.10.12.37","Domaine non blacklisté - accès autorisé"
"2025-05-26 09:31:36","PROXY","shaden.naqib","GET","http://um6p.ma/it/helpdesk","IP:10.10.12.112","Tentative de spoofing réseau"
"2025-05-26 09:32:38","PROXY","yasmin.abdulrahman","GET","http://admin.um6p.ma/tools/logs","IP:10.10.12.78","Requête HTTP avec header modifié"
"2025-05-26 09:33:31","PROXY","rana.azzam","GET","https://cloud.um6p.ma/storage/folder1","IP:10.10.12.25","Blocage automatique activé"
"2025-05-26 09:34:12","PROXY","khalifa.mahmoud","POST","http://malicious-domain.ru/steal.php","IP:10.10.12.103","Accès légitime"
"2025-05-26 09:35:01","PROXY","hazem.younis","POST","http://10.0.0.1:8080/admin","IP:10.10.12.62","Connexion sans User-Agent détectée"
"2025-05-26 09:36:24","PROXY","hala.sharif","GET","http://phish-links.net/credentials","IP:10.10.12.27","Requête sortante bloquée"
"2025-05-26 09:37:57","PROXY","mohamed.sharif","POST","https://profile.um6p.ma/edit","IP:10.10.12.137","Navigation vers site de partage interdit"
"2025-05-26 09:38:06","PROXY","yasmin.abdulrahman","GET","http://ad.um6p.ma/sync","IP:10.10.12.78","Échec accès, utilisateur inconnu"
"2025-05-26 09:39:32","PROXY","ali.mostafa","POST","http://10.10.10.10:9000/devops","IP:10.10.12.8","Requête redondante sur même endpoint"
"2025-05-26 09:40:15","PROXY","ahmed.nafih","GET","http://data.leak.org/um6p.db","IP:10.10.12.150","Connexion simultanée depuis plusieurs pays"
"2025-05-26 09:41:02","PROXY","fahim.aljaber","GET","http://portal.um6p.ma/grades","IP:10.10.12.99","Lien contenu dans email suspect"
"2025-05-26 09:42:19","PROXY","mohamed.sharif","GET","http://suspicious-mirror.com/download.exe","IP:10.10.12.137","Échec de vérification d'identité"
"2025-05-26 09:43:10","PROXY","fahd.saadi","POST","http://social-engineering.org/um6p_login","IP:10.10.12.50","Accès refusé - domaine blacklisté"
"2025-05-26 09:44:44","PROXY","ibrahim.hamed","POST","http://helpdesk.um6p.ma/reset-password","IP:10.10.12.16","Exfiltration de données possible"
"2025-05-26 09:45:33","PROXY","sami.jaber","GET","http://blacklist-checker.net/um6p","IP:10.10.12.65","Domaine non blacklisté - accès autorisé"
"2025-05-26 09:46:03","PROXY","samah.fahmi","POST","http://internal.dev.um6p.ma/debug","IP:10.10.12.143","Requête redondante sur même endpoint"
"2025-05-26 09:47:24","PROXY","muna.bakr","POST","http://mail.um6p.ma/webmail","IP:10.10.12.23","URL contenue dans courriel suspect"
"2025-05-26 09:48:54","PROXY","rashid.nour","GET","http://phishing-expert.net/verify","IP:10.10.12.109","Fichier exécutable détecté"
"2025-05-26 09:49:05","PROXY","nidaa.farouk","POST","http://server01.um6p.ma:443/dashboard","IP:10.10.12.90","Connexion manuelle confirmée"
"2025-05-26 09:50:17","PROXY","omar.fahad","GET","https://monitoring.um6p.ma/grafana","IP:10.10.12.6","Upload de données détecté"
"2025-05-26 09:51:14","PROXY","basim.zahran","POST","http://ceo-fake.company.org","IP:10.10.12.69","URL classée dans catégorie interdite"
"2025-05-26 09:52:34","PROXY","omar.hakim","GET","http://um6p-ma-reporting.internal.net","IP:10.10.12.28","Session suspecte identifiée"
"2025-05-26 09:53:35","PROXY","samir.alhassan","POST","https://github.com/um6p/internship2025","IP:10.10.12.29","Tentative d'accès externe non autorisé"
"2025-05-26 09:54:02","PROXY","dina.rashid","POST","https://training.um6p.ma/videos/lecture1","IP:10.10.12.84","Accès autorisé - utilisateur validé"
"2025-05-26 09:55:27","PROXY","kalil.hakim","POST","http://unusual-traffic.com/redirect","IP:10.10.12.115","Tentative d'accès au panneau d'administration"
"2025-05-26 09:56:51","PROXY","habib.mahfouz","GET","http://notepad.download.com/plugin.exe","IP:10.10.12.118","Proxy chain détecté"
"2025-05-26 09:57:18","PROXY","rana.azzam","GET","http://lab.um6p.ma/experiments","IP:10.10.12.25","Requête vers domaine anonyme"
"2025-05-26 09:58:09","PROXY","ghassan.sharif","GET","http://internal-portal.um6p.ma/announcements","IP:10.10.12.77","Protocole anormal utilisé pour POST"
"2025-05-26 09:59:32","PROXY","zain.ghazal","POST","http://fw-log.um6p.ma/download","IP:10.10.12.97","Signature de phishing connue détectée"
"2025-05-26 10:00:25","PROXY","samar.ridha","POST","http://10.0.1.45/api/info","IP:10.10.12.152","Blocage automatique activé"
"2025-05-26 10:01:10","PROXY","amina.talal","GET","http://malicious-domain.ru/steal.php","IP:10.10.12.35","Échec authentification AD"
"2025-05-26 10:02:54","PROXY","omar.fahad","GET","http://um6p.lan/security/patch","IP:10.10.12.6","Changement d'adresse IP détecté"
"2025-05-26 10:03:24","PROXY","youssef.khalil","POST","https://github.com/um6p/internship2025","IP:10.10.12.4","Connexion depuis IP Tor"
"2025-05-26 10:04:08","PROXY","raihan.abdul","POST","http://lab.um6p.ma/experiments","IP:10.10.12.102","Accès légitime"
"2025-05-26 10:05:13","PROXY","habib.mahfouz","POST","http://ransomserver.tor/payload","IP:10.10.12.118","Upload de données détecté"
"2025-05-26 10:06:02","PROXY","sami.jaber","POST","http://git.um6p.ma/commit/hash","IP:10.10.12.65","Redirection vers site de phishing"
"2025-05-26 10:07:57","PROXY","wajih.alhassan","GET","http://10.10.14.22:8081/admin/config","IP:10.10.12.148","Requête sortante bloquée"
"2025-05-26 10:08:53","PROXY","karim.faraj","POST","https://api.um6p.ma/data/submit","IP:10.10.12.85","Activité suspecte sur poste utilisateur"
"2025-05-26 10:09:34","PROXY","abdulrahman.karim","POST","http://server01.um6p.ma:443/dashboard","IP:10.10.12.58","Demande de ressource interne depuis IP externe"
"2025-05-26 10:10:23","PROXY","omar.fahad","GET","https://um6p.ma/resources/css/style.css","IP:10.10.12.6","Trafic normal"
"2025-05-26 10:11:14","PROXY","zahra.mahdi","POST","http://finance.um6p.ma/reports/q2","IP:10.10.12.37","Fichier exécutable détecté"
"2025-05-26 10:12:39","PROXY","khalifa.mahmoud","GET","http://gitlab.um6p.ma/projectX/commit","IP:10.10.12.103","Changement d'adresse IP détecté"
"2025-05-26 10:13:58","PROXY","samir.alhassan","POST","http://gitlab.um6p.ma/projectX/commit","IP:10.10.12.29","Utilisation de port non standard détectée"
"2025-05-26 10:14:06","PROXY","jamila.kamal","GET","http://external-storage.com/download/manual.pdf","IP:10.10.12.140","Accès autorisé - utilisateur validé"
"2025-05-26 10:15:10","PROXY","amina.talal","POST","http://10.10.10.10:9000/devops","IP:10.10.12.35","Accès légitime"
"2025-05-26 10:16:57","PROXY","sami.jaber","GET","http://um6p.backup.local/restore","IP:10.10.12.65","Upload de données détecté"
"2025-05-26 10:17:55","PROXY","wael.abdulrahim","POST","http://vpn.um6p.ma/logout","IP:10.10.12.74","Échec de vérification d'identité"
"2025-05-26 10:18:09","PROXY","samah.abdelfattah","POST","http://mail.um6p.ma/webmail","IP:10.10.12.54","Connexion vers URL inconnue"
"2025-05-26 10:19:20","PROXY","jamal.alfaraj","GET","http://phish-zone.com/intranet","IP:10.10.12.17","Session expirée - nouvelle tentative détectée"
"2025-05-26 10:20:22","PROXY","khalifa.mahmoud","POST","http://drive.um6p.ma/private/","IP:10.10.12.103","URL contenue dans courriel suspect"
"2025-05-26 10:21:17","PROXY","ahmed.bakr","GET","http://social-engineering.org/um6p_login","IP:10.10.12.55","Connexion suspecte détectée"
"2025-05-26 10:22:01","PROXY","yasir.khalaf","GET","http://data-internal.um6p.ma/secure/","IP:10.10.12.151","Authentification échouée, mot de passe invalide"
"2025-05-26 10:23:42","PROXY","zain.ghazal","GET","http://portal.um6p.ma/grades","IP:10.10.12.97","Upload de données détecté"
"2025-05-26 10:24:19","PROXY","jafar.mohamed","POST","http://blacklist-checker.net/um6p","IP:10.10.12.94","Redirection vers site de phishing"
"2025-05-26 10:25:03","PROXY","muna.rashid","GET","http://10.10.12.99/cgi-bin/test.cgi","IP:10.10.12.130","Connexion multiple en courte durée"
"2025-05-26 10:26:14","PROXY","ahmed.nafih","GET","http://auth.um6p.ma/2fa","IP:10.10.12.150","Téléversement interdit détecté"
"2025-05-26 10:27:57","PROXY","dalia.karim","GET","http://login.um6p.ma/login.php","IP:10.10.12.145","Requête HTTP avec header modifié"
"2025-05-26 10:28:33","PROXY","zubair.abdulqadir","POST","http://phishing-expert.net/verify","IP:10.10.12.111","Bloqué par firewall"
"2025-05-26 10:29:31","PROXY","mustafa.alraqi","POST","http://notepad.download.com/plugin.exe","IP:10.10.12.41","Domaine récemment enregistré"
"2025-05-26 10:30:47","PROXY","zubair.abdulqadir","GET","http://drive-by-download.org/index.html","IP:10.10.12.111","Signaux de compromission détectés"
"2025-05-26 10:31:41","PROXY","hibah.yusuf","POST","http://fake-um6p-login.org/confirm","IP:10.10.12.138","Requête sortante bloquée"
"2025-05-26 10:32:15","PROXY","shatha.abdallah","GET","https://library.um6p.ma/journals/latest","IP:10.10.12.122","Protocole anormal utilisé pour POST"
"2025-05-26 10:33:34","PROXY","sabir.jarrah","GET","http://um6p.lan/security/patch","IP:10.10.12.117","Session expirée - nouvelle tentative détectée"
"2025-05-26 10:34:39","PROXY","ghassan.sharif","GET","https://cloud.um6p.ma/storage/folder1","IP:10.10.12.77","Téléversement interdit détecté"
"2025-05-26 10:35:47","PROXY","dina.rashid","POST","http://phishing-site.com/login","IP:10.10.12.84","Lien accédé plusieurs fois en quelques secondes"
"2025-05-26 10:36:55","PROXY","rana.azzam","POST","http://external-storage.com/download/manual.pdf","IP:10.10.12.25","Connexion multiple en courte durée"
"2025-05-26 10:37:31","PROXY","zubair.abdulqadir","GET","http://exfiltration.tor/data.zip","IP:10.10.12.111","Requête sortante bloquée"
"2025-05-26 10:38:38","PROXY","jafar.mohamed","GET","http://10.10.12.99/cgi-bin/test.cgi","IP:10.10.12.94","Redirection vers site de phishing"
"2025-05-26 10:39:47","PROXY","jafar.mohamed","GET","https://secure-login.um6p.ma/verify","IP:10.10.12.94","Trafic redirigé vers honeypot"
"2025-05-26 10:40:20","PROXY","samir.alhassan","POST","http://10.0.1.45/api/info","IP:10.10.12.29","Requête HTTP avec header modifié"
"2025-05-26 10:41:54","PROXY","zaki.bahaa","POST","http://dropbox.fake-um6p.com/share","IP:10.10.12.49","Navigation anormale détectée"
"2025-05-26 10:42:19","PROXY","sabir.jarrah","GET","http://um6p-docs-support.com/login","IP:10.10.12.117","Flux interrompu par politique FW"
"2025-05-26 10:43:28","PROXY","yasmin.abdulrahman","POST","http://wiki.um6p.ma/howto/firewall","IP:10.10.12.78","Bloqué par firewall"
"2025-05-26 10:44:28","PROXY","karim.faraj","POST","http://test.internal.lan/dashboard","IP:10.10.12.85","Connexion rapide et répétée au même endpoint"
"2025-05-26 10:45:26","PROXY","shaden.naqib","GET","http://vpn-service.um6p.ma/login","IP:10.10.12.112","Exécution de script JS inconnu"
"2025-05-26 10:46:22","PROXY","lina.hadi","POST","http://spoofed-mail.com/open","IP:10.10.12.134","Connexion depuis IP Tor"
"2025-05-26 10:47:43","PROXY","omar.salem","GET","https://training.um6p.ma/videos/lecture1","IP:10.10.12.89","Suspicion d'activité automatisée"
"2025-05-26 10:48:05","PROXY","hassan.amir","GET","http://external-storage.com/download/manual.pdf","IP:10.10.12.14","Signature de phishing connue détectée"
"2025-05-26 10:49:33","PROXY","samir.alhassan","GET","http://proxy.um6p.ma/logs","IP:10.10.12.29","Connexion via VPN interne"
"2025-05-26 10:50:38","PROXY","bilal.abdelaziz","POST","https://github.com/um6p/internship2025","IP:10.10.12.34","Connexion VPN rejetée"
"2025-05-26 10:51:26","PROXY","habib.mahfouz","GET","http://ext-malicious.net/redir","IP:10.10.12.118","Fichier exécutable détecté"
"2025-05-26 10:52:29","PROXY","basim.zahran","POST","https://um6p.ma/resources/css/style.css","IP:10.10.12.69","Tentative de phishing détectée"
"2025-05-26 10:53:37","PROXY","sabir.jarrah","GET","https://redirect.um6p.ma/page","IP:10.10.12.117","URL encode suspect détecté"
"2025-05-26 10:54:19","PROXY","zayd.abdelrahim","POST","https://docs.um6p.ma/security/guide.pdf","IP:10.10.12.82","Nom de domaine reconnu comme malveillant"
"2025-05-26 10:55:38","PROXY","khaled.nasser","POST","http://gitlab.um6p.ma/projectX/commit","IP:10.10.12.10","Échec de vérification d'identité"
"2025-05-26 10:56:27","PROXY","jihad.abed","POST","http://internal-portal.um6p.ma/announcements","IP:10.10.12.67","Téléchargement de script bloqué"
"2025-05-26 10:57:36","PROXY","nader.alsalem","POST","http://legacy-portal.um6p.ma","IP:10.10.12.76","Fichier exécutable détecté"
"2025-05-26 10:58:11","PROXY","manar.halabi","GET","http://lab.um6p.ma/experiments","IP:10.10.12.100","Tentative d'accès externe non autorisé"
"2025-05-26 10:59:48","PROXY","ahmed.alsayed","GET","http://intranet.um6p.ma/home","IP:10.10.12.1","Signature de phishing connue détectée"
"2025-05-26 11:00:54","PROXY","hamza.karim","GET","http://exfiltration.tor/data.zip","IP:10.10.12.153","Connexion suspecte détectée"
"2025-05-26 11:01:56","PROXY","lamia.bader","POST","http://internal.dev.um6p.ma/debug","IP:10.10.12.75","Navigateur non reconnu"
"2025-05-26 11:02:12","PROXY","hala.sharif","POST","https://training.um6p.ma/videos/lecture1","IP:10.10.12.27","Requête sortante bloquée"
"2025-05-26 11:03:42","PROXY","hamza.karim","POST","https://training.um6p.ma/videos/lecture1","IP:10.10.12.153","Requête suspecte vers CDN externe"
"2025-05-26 11:04:43","PROXY","sara.abdelkarim","POST","http://blacklist-checker.net/um6p","IP:10.10.12.136","Accès autorisé - utilisateur validé"
"2025-05-26 11:05:27","PROXY","kareem.jamal","POST","http://gitlab.um6p.ma/projectX/commit","IP:10.10.12.39","Requête sortante bloquée"
"2025-05-26 11:06:43","PROXY","adil.najjar","POST","http://temp-mail.org/inbox","IP:10.10.12.22","Connexion rapide et répétée au même endpoint"
"2025-05-26 11:07:17","PROXY","mohamed.sharif","GET","http://admanager.um6p.ma/permissions","IP:10.10.12.137","Accès refusé - domaine blacklisté"
"2025-05-26 11:08:03","PROXY","zubair.abdulqadir","POST","http://login.um6p.ma/login.php","IP:10.10.12.111","Connexion validée via double authentification"
"2025-05-26 11:09:10","PROXY","hafsa.mansur","GET","http://compromised-site.ru","IP:10.10.12.128","Proxy chain détecté"
"2025-05-26 11:10:07","PROXY","ahmed.nafih","POST","http://external-storage.com/download/manual.pdf","IP:10.10.12.150","Navigation anormale détectée"
"2025-05-26 11:11:06","PROXY","nidaa.farouk","POST","http://ransomserver.tor/payload","IP:10.10.12.90","Téléchargement de fichier malveillant bloqué"
"2025-05-26 11:12:26","PROXY","yasin.abdelrahman","GET","http://proxy.um6p.ma/logs","IP:10.10.12.26","Signature de malware détectée"
"2025-05-26 11:13:43","PROXY","saif.alqahtani","POST","http://malware-download.com/file.exe","IP:10.10.12.19","Tentative de spoofing réseau"
"2025-05-26 11:14:02","PROXY","adil.azzam","POST","https://assets.um6p.ma/js/core.min.js","IP:10.10.12.127","Redirection vers site de phishing"
"2025-05-26 11:15:54","PROXY","farid.shaheen","POST","https://webmail.um6p.ma/login","IP:10.10.12.24","Utilisateur désactivé a tenté de se connecter"
"2025-05-26 11:16:56","PROXY","yasir.khalaf","GET","http://compromised-site.ru","IP:10.10.12.151","URL classée dans catégorie interdite"
"2025-05-26 11:17:14","PROXY","laila.badran","GET","http://smtp.um6p.ma/outbound","IP:10.10.12.126","Téléchargement autorisé depuis dépôt officiel"
"2025-05-26 11:18:35","PROXY","najwa.bassem","POST","http://git.um6p.ma/commit/hash","IP:10.10.12.44","Connexion à une base de données non sécurisée"
"2025-05-26 11:19:26","PROXY","kareem.jamal","GET","http://dropbox.fake-um6p.com/share","IP:10.10.12.39","Domaine non blacklisté - accès autorisé"
"2025-05-26 11:20:14","PROXY","nisreen.jamal","GET","http://drive-by-download.org/index.html","IP:10.10.12.106","Tentative de spoofing réseau"
"2025-05-26 11:21:14","PROXY","asmaa.rahman","GET","http://um6p-docs-support.com/login","IP:10.10.12.30","Requête HTTP non conforme"
"2025-05-26 11:22:47","PROXY","saif.alqahtani","POST","http://notepad.download.com/plugin.exe","IP:10.10.12.19","Domaine récemment enregistré"
"2025-05-26 11:23:31","PROXY","nadia.abdel","POST","http://fakevpn.um6p.net/connect","IP:10.10.12.95","Contenu malveillant détecté par antivirus"
"2025-05-26 11:24:59","PROXY","fahd.saadi","GET","http://legacy-portal.um6p.ma","IP:10.10.12.50","Domaine récemment enregistré"
"2025-05-26 11:25:33","PROXY","nidaa.farouk","POST","https://monitoring.um6p.ma/grafana","IP:10.10.12.90","Upload de données détecté"
"2025-05-26 11:26:09","PROXY","adil.azzam","GET","http://updates.um6p.ma/windows/patch1","IP:10.10.12.127","URL encode suspect détecté"
"2025-05-26 11:27:42","PROXY","adil.azzam","POST","https://student.um6p.ma/submit","IP:10.10.12.127","Trafic normal"
"2025-05-26 11:28:49","PROXY","alaa.salem","POST","https://monitoring.um6p.ma/grafana","IP:10.10.12.56","Connexion sécurisée"
"2025-05-26 11:29:39","PROXY","khaled.nasser","GET","https://api.um6p.ma/data/submit","IP:10.10.12.10","Navigation vers site de partage interdit"
"2025-05-26 11:30:17","PROXY","younes.abdullah","GET","http://internal.dev.um6p.ma/debug","IP:10.10.12.144","Téléversement interdit détecté"
"2025-05-26 11:31:13","PROXY","kalil.hakim","POST","http://cdn.um6p.ma/js/app.js","IP:10.10.12.115","Accès légitime"
"2025-05-26 11:32:15","PROXY","zahra.mahdi","GET","http://admanager.um6p.ma/permissions","IP:10.10.12.37","Téléchargement autorisé depuis dépôt officiel"
"2025-05-26 11:33:03","PROXY","reem.taleb","GET","http://vpn-service.um6p.ma/login","IP:10.10.12.124","Page accédée via lien mail"
"2025-05-26 11:34:52","PROXY","fatima.alami","GET","http://vpn-service.um6p.ma/login","IP:10.10.12.3","Connexion simultanée depuis plusieurs pays"
"2025-05-26 11:35:43","PROXY","hassan.amir","GET","http://db-admin.um6p.ma/phpmyadmin","IP:10.10.12.14","Navigateur non reconnu"
"2025-05-26 11:36:28","PROXY","firas.mohamed","POST","http://portal.um6p.ma/grades","IP:10.10.12.60","URL contenant chaîne suspecte"
"2025-05-26 11:37:38","PROXY","hazem.younis","POST","https://vpn.um6p.ma/portal","IP:10.10.12.62","Utilisateur bloqué par politique réseau"
"2025-05-26 11:38:27","PROXY","youssef.khalil","GET","http://finance.um6p.ma/reports/q2","IP:10.10.12.4","Proxy chain détecté"
"2025-05-26 11:39:55","PROXY","hafsa.mansur","GET","http://um6p-ma-reporting.internal.net","IP:10.10.12.128","Exécution de script JS inconnu"
"2025-05-26 11:40:12","PROXY","shatha.abdallah","POST","https://webmail.um6p.ma/login","IP:10.10.12.122","Lien accédé plusieurs fois en quelques secondes"
"2025-05-26 11:41:41","PROXY","hamza.karim","GET","http://downloads.um6p.ma/drivers/gpu.exe","IP:10.10.12.153","Bloqué par firewall"
"2025-05-26 11:42:53","PROXY","muhannad.almasri","GET","http://dropbox.fake-um6p.com/share","IP:10.10.12.125","Connexion autorisée par règle spéciale FW"
"2025-05-26 11:43:51","PROXY","raed.saleh","GET","https://api.um6p.ma/data/submit","IP:10.10.12.121","Téléchargement de script bloqué"
"2025-05-26 11:44:29","PROXY","sara.abdelkarim","GET","http://cache.um6p.ma/images/logo.png","IP:10.10.12.136","Requête suspecte vers CDN externe"
"2025-05-26 11:45:51","PROXY","noura.abdul","GET","http://ad.um6p.ma/sync","IP:10.10.12.147","Utilisateur bloqué par politique réseau"
"2025-05-26 11:46:59","PROXY","manar.halabi","GET","http://portal.um6p.ma/grades","IP:10.10.12.100","Connexion vers URL inconnue"
"2025-05-26 11:47:44","PROXY","sami.jaber","GET","http://internal-api.um6p.ma/v1","IP:10.10.12.65","Connexion sans User-Agent détectée"
"2025-05-26 11:48:54","PROXY","hala.karim","POST","http://gitlab.um6p.ma/projectX/commit","IP:10.10.12.93","Trafic redirigé vers honeypot"
"2025-05-26 11:49:31","PROXY","habib.mahfouz","GET","http://compromised-site.ru","IP:10.10.12.118","URL incluse dans liste grise"
"2025-05-26 11:50:43","PROXY","mahmoud.najjar","POST","http://external-storage.com/download/manual.pdf","IP:10.10.12.139","Réponse 403 reçue"
"2025-05-26 11:51:03","PROXY","nisreen.jamal","GET","http://internal-api.um6p.ma/v1","IP:10.10.12.106","Trafic inhabituel détecté"
"2025-05-26 11:52:05","PROXY","muhannad.almasri","POST","http://db-admin.um6p.ma/phpmyadmin","IP:10.10.12.125","Requête redondante sur même endpoint"
"2025-05-26 11:53:34","PROXY","asmaa.rahman","GET","http://um6p.backup.local/restore","IP:10.10.12.30","Page classée comme site de crypto-mining"
"2025-05-26 11:54:29","PROXY","mariyam.farid","POST","http://finance.um6p.ma/reports/q2","IP:10.10.12.53","Connexion vers URL inconnue"
"2025-05-26 11:55:31","PROXY","aya.zahra","GET","http://exfiltration.tor/data.zip","IP:10.10.12.11","Activité suspecte sur poste utilisateur"
"2025-05-26 11:56:15","PROXY","samah.fahmi","GET","https://docs.um6p.ma/security/guide.pdf","IP:10.10.12.143","Suspicion d'activité automatisée"
"2025-05-26 11:57:30","PROXY","raed.saleh","GET","http://user.um6p.ma/settings","IP:10.10.12.121","Signaux de compromission détectés"
"2025-05-26 11:58:41","PROXY","wahid.farhan","GET","https://secure-login.um6p.ma/verify","IP:10.10.12.105","Utilisation de port non standard détectée"
"2025-05-26 11:59:56","PROXY","mohsen.najjar","GET","http://unusual-traffic.com/redirect","IP:10.10.12.45","Requête HTTP non conforme"
"2025-05-26 12:00:16","PROXY","jamal.alfaraj","GET","https://api-gateway.um6p.ma/v2/access","IP:10.10.12.17","Connexion sécurisée"
"2025-05-26 12:01:03","PROXY","farouk.karim","POST","http://fakevpn.um6p.net/connect","IP:10.10.12.120","Connexion vers URL inconnue"
"2025-05-26 12:02:08","PROXY","muna.rashid","GET","http://server01.um6p.ma:443/dashboard","IP:10.10.12.130","Domaine non blacklisté - accès autorisé"
"2025-05-26 12:03:40","PROXY","hala.sharif","GET","http://cdn.um6p.ma/js/app.js","IP:10.10.12.27","Accès légitime"
"2025-05-26 12:04:57","PROXY","laila.badran","GET","http://10.0.0.1:8080/admin","IP:10.10.12.126","Upload de données détecté"
"2025-05-26 12:05:39","PROXY","mustafa.alraqi","POST","http://phishing-site.com/login","IP:10.10.12.41","Trafic inhabituel détecté"
"2025-05-26 12:06:13","PROXY","hala.karim","GET","http://10.0.1.45/api/info","IP:10.10.12.93","Utilisation de port non standard détectée"
"2025-05-26 12:07:23","PROXY","sara.abdelkarim","GET","http://legacy-portal.um6p.ma","IP:10.10.12.136","Connexion à une base de données non sécurisée"
"2025-05-26 12:08:40","PROXY","mahmoud.najjar","GET","http://fake-ad-login.com/portal","IP:10.10.12.139","Connexion autorisée, surveillance active"
"2025-05-26 12:09:23","PROXY","salwa.hamdi","POST","http://wiki.um6p.ma/howto/firewall","IP:10.10.12.68","Lien contenu dans email suspect"
"2025-05-26 12:10:08","PROXY","bilal.jaber","POST","http://proxy.um6p.ma/logs","IP:10.10.12.91","Blocage automatique activé"
"2025-05-26 12:11:02","PROXY","kalil.hakim","POST","http://phishing-expert.net/verify","IP:10.10.12.115","Requête HTTP non conforme"
"2025-05-26 12:12:26","PROXY","laila.mohsen","GET","http://helpdesk.um6p.ma/reset-password","IP:10.10.12.33","Connexion réseau interrompue"
"2025-05-26 12:13:17","PROXY","sara.abdelkarim","GET","https://student.um6p.ma/submit","IP:10.10.12.136","Session expirée - nouvelle tentative détectée"
"2025-05-26 12:14:32","PROXY","ali.mostafa","POST","http://external-storage.com/download/manual.pdf","IP:10.10.12.8","Tentative de connexion brute force"
"2025-05-26 12:15:28","PROXY","reem.taleb","GET","https://secure.um6p.ma/bank/payroll","IP:10.10.12.124","Échec authentification AD"
"2025-05-26 12:16:29","PROXY","zaina.karim","POST","http://phish-zone.com/intranet","IP:10.10.12.132","Utilisation de proxy public détectée"
"2025-05-26 12:17:13","PROXY","nisreen.jamal","POST","http://10.10.12.45/update","IP:10.10.12.106","Requête suspecte vers CDN externe"
"2025-05-26 12:18:22","PROXY","jumana.ghazi","POST","https://docs.um6p.ma/security/guide.pdf","IP:10.10.12.104","Signature de malware détectée"
"2025-05-26 12:19:28","PROXY","farid.shaheen","POST","http://10.10.12.45/update","IP:10.10.12.24","Flux interrompu par politique FW"
"2025-05-26 12:20:00","PROXY","zainab.karim","POST","http://temp-mail.org/inbox","IP:10.10.12.21","URL incluse dans liste grise"
"2025-05-26 12:21:44","PROXY","omar.fahad","POST","http://internal-portal.um6p.ma/announcements","IP:10.10.12.6","Redirection vers site de phishing"
"2025-05-26 12:22:32","PROXY","ahmed.nafih","POST","http://um6p.edu.ma/docs/rules","IP:10.10.12.150","Tentative de spoofing réseau"
"2025-05-26 12:23:19","PROXY","ibraheem.shaar","GET","http://malicious-domain.ru/steal.php","IP:10.10.12.70","Connexion à une base de données non sécurisée"
"2025-05-26 12:24:27","PROXY","salwa.hamdi","GET","http://hackerbox.tor","IP:10.10.12.68","Domaine inconnu détecté"
"2025-05-26 12:25:18","PROXY","hamza.zaki","POST","http://10.0.1.45/api/info","IP:10.10.12.43","Échec de vérification d'identité"
"2025-05-26 12:26:07","PROXY","bilal.jaber","GET","http://malicious-domain.ru/steal.php","IP:10.10.12.91","Connexion suspecte détectée"
"2025-05-26 12:27:01","PROXY","hassan.amir","POST","http://helpdesk.um6p.ma/reset-password","IP:10.10.12.14","Réplication d’attaque précédemment identifiée"
"2025-05-26 12:28:36","PROXY","mona.abdul","GET","https://profile.um6p.ma/edit","IP:10.10.12.71","Domaine non blacklisté - accès autorisé"
"2025-05-26 12:29:32","PROXY","omar.hakim","GET","http://compromised-site.ru","IP:10.10.12.28","Signature de malware détectée"
"2025-05-26 12:30:32","PROXY","manal.rashid","POST","https://monitoring.um6p.ma/grafana","IP:10.10.12.61","Authentification échouée, mot de passe invalide"
"2025-05-26 12:31:05","PROXY","laila.badran","POST","http://um6p.backup.local/restore","IP:10.10.12.126","Connexion VPN rejetée"
"2025-05-26 12:32:30","PROXY","siham.faraj","GET","http://auth.um6p.ma/2fa","IP:10.10.12.108","URL contenant chaîne suspecte"
"2025-05-26 12:33:50","PROXY","raed.saleh","POST","http://exfiltration.tor/data.zip","IP:10.10.12.121","Téléchargement autorisé depuis dépôt officiel"
"2025-05-26 12:34:37","PROXY","yara.khaled","GET","http://gitlab.um6p.ma/projectX/commit","IP:10.10.12.38","Contenu malveillant détecté par antivirus"
"2025-05-26 12:35:52","PROXY","najat.omar","POST","https://student.um6p.ma/submit","IP:10.10.12.42","Activité suspecte sur poste utilisateur"
"2025-05-26 12:36:43","PROXY","manar.halabi","GET","http://downloads.um6p.ma/drivers/gpu.exe","IP:10.10.12.100","Connexion suspecte détectée"
"2025-05-26 12:37:01","PROXY","manar.halabi","POST","https://assets.um6p.ma/js/core.min.js","IP:10.10.12.100","Protocole non sécurisé utilisé"
"2025-05-26 12:38:31","PROXY","youssef.khalil","GET","http://finance.um6p.ma/reports/q2","IP:10.10.12.4","Connexion à un serveur inconnu"
"2025-05-26 12:39:21","PROXY","amina.talal","GET","http://drive-by-download.org/index.html","IP:10.10.12.35","Signature de phishing connue détectée"
"2025-05-26 12:40:00","PROXY","nader.shams","POST","https://secure-login.um6p.ma/verify","IP:10.10.12.101","Domaine non blacklisté - accès autorisé"
"2025-05-26 12:41:20","PROXY","sara.farid","POST","http://blacklist-checker.net/um6p","IP:10.10.12.40","Proxy chain détecté"
"2025-05-26 12:42:15","PROXY","maysa.abdelrahman","POST","http://10.10.14.22:8081/admin/config","IP:10.10.12.149","Navigation vers site de partage interdit"
"2025-05-26 12:43:50","PROXY","younes.abdullah","GET","http://internal.dev.um6p.ma/debug","IP:10.10.12.144","Connexion validée via double authentification"
"2025-05-26 12:44:43","PROXY","rania.faraj","POST","http://wiki.um6p.ma/howto/firewall","IP:10.10.12.80","Requête HTTP avec header modifié"
"2025-05-26 12:45:10","PROXY","laila.mohsen","POST","http://mail.um6p.ma/webmail","IP:10.10.12.33","Redirection vers site de phishing"
"2025-05-26 12:46:04","PROXY","samar.ridha","POST","http://ceo-fake.company.org","IP:10.10.12.152","Trafic inhabituel détecté"
"2025-05-26 12:47:26","PROXY","fatima.alami","GET","http://db-admin.um6p.ma/phpmyadmin","IP:10.10.12.3","Requête sortante bloquée"
"2025-05-26 12:48:35","PROXY","zaki.bahaa","POST","https://api.um6p.ma/data/submit","IP:10.10.12.49","Bloqué, domaine inconnu"
"2025-05-26 12:49:02","PROXY","samir.alhassan","POST","http://dropbox.fake-um6p.com/share","IP:10.10.12.29","Page classée comme site de crypto-mining"
"2025-05-26 12:50:22","PROXY","laila.badran","POST","https://hr.um6p.ma/leave/request","IP:10.10.12.126","Connexion autorisée par règle spéciale FW"
"2025-05-26 12:51:07","PROXY","zubair.abdulqadir","POST","http://finance.um6p.ma/reports/q2","IP:10.10.12.111","Analyse antivirus déclenchée"
"2025-05-26 12:52:17","PROXY","hafsa.mansur","GET","http://ransomserver.tor/payload","IP:10.10.12.128","Scan de port détecté"
"2025-05-26 12:53:21","PROXY","sami.jaber","GET","http://server01.um6p.ma:443/dashboard","IP:10.10.12.65","Tentative de contournement du proxy"
"2025-05-26 12:54:00","PROXY","saif.alqahtani","GET","http://auth.um6p.ma/2fa","IP:10.10.12.19","Domaine récemment enregistré"
"2025-05-26 12:55:11","PROXY","joud.nasser","GET","http://intranet.um6p.ma/home","IP:10.10.12.59","Accès légitime"
"2025-05-26 12:56:21","PROXY","farouk.karim","GET","http://auth.um6p.ma/2fa","IP:10.10.12.120","Exécution de script JS inconnu"
"2025-05-26 12:57:39","PROXY","bilal.abdelaziz","GET","http://admanager.um6p.ma/permissions","IP:10.10.12.34","Protocole non sécurisé utilisé"
"2025-05-26 12:58:38","PROXY","nashit.alhadi","GET","http://downloads.um6p.ma/drivers/gpu.exe","IP:10.10.12.141","URL encode suspect détecté"
"2025-05-26 12:59:01","PROXY","jihad.abed","POST","http://192.168.100.5/api/v1/token","IP:10.10.12.67","Protocole non sécurisé utilisé"
"2025-05-26 13:00:36","PROXY","dina.rashid","GET","https://api.um6p.ma/data/submit","IP:10.10.12.84","Accès administratif réussi"
"2025-05-26 13:01:45","PROXY","zaina.karim","GET","http://ransomserver.tor/payload","IP:10.10.12.132","Domaine inconnu détecté"
"2025-05-26 13:02:01","PROXY","laila.mohsen","POST","https://redirect.um6p.ma/page","IP:10.10.12.33","Lien contenu dans email suspect"
"2025-05-26 13:03:02","PROXY","jihad.abed","POST","http://login.um6p.ma/login.php","IP:10.10.12.67","Requête GET excessive"
"2025-05-26 13:04:14","PROXY","ibrahim.hamed","GET","http://social-engineering.org/um6p_login","IP:10.10.12.16","Signaux de compromission détectés"
"2025-05-26 13:05:41","PROXY","hamza.zaki","GET","http://dl.um6p.ma/iso/latest","IP:10.10.12.43","Connexion bloquée - comportement anormal"
"2025-05-26 13:06:20","PROXY","jafar.mohamed","POST","http://10.10.0.22/printers/config","IP:10.10.12.94","Accès autorisé - utilisateur validé"
"2025-05-26 13:07:35","PROXY","rashid.nour","GET","https://api-gateway.um6p.ma/v2/access","IP:10.10.12.109","Accès légitime"
"2025-05-26 13:08:36","PROXY","muna.bakr","GET","http://ransomserver.tor/payload","IP:10.10.12.23","Connexion vers URL inconnue"
"2025-05-26 13:09:41","PROXY","hada.mohamed","POST","https://webmail.um6p.ma/login","IP:10.10.12.88","Utilisateur désactivé a tenté de se connecter"
"2025-05-26 13:10:02","PROXY","mariyam.farid","POST","http://login.um6p.ma/login.php","IP:10.10.12.53","URL contenant chaîne suspecte"
"2025-05-26 13:11:24","PROXY","shimaa.hassan","POST","http://vpn.um6p.ma/logout","IP:10.10.12.52","Redirection vers site de phishing"
"2025-05-26 13:12:15","PROXY","ahmed.bakr","POST","http://malware-download.com/file.exe","IP:10.10.12.55","Connexion à une base de données non sécurisée"
"2025-05-26 13:13:42","PROXY","layla.abdullah","POST","http://fw-log.um6p.ma/download","IP:10.10.12.5","Session suspecte identifiée"
"2025-05-26 13:14:06","PROXY","lina.hadi","POST","https://um6p.ma/resources/css/style.css","IP:10.10.12.134","Connexion sans User-Agent détectée"
"2025-05-26 13:15:06","PROXY","mohanna.hadi","POST","http://10.10.10.10:9000/devops","IP:10.10.12.66","Connexion suspecte détectée"
"2025-05-26 13:16:28","PROXY","zayd.abdelrahim","POST","http://backdoor.um6p.fake/path","IP:10.10.12.82","Tentative de connexion brute force"
"2025-05-26 13:17:31","PROXY","samir.alhassan","POST","http://10.0.1.45/api/info","IP:10.10.12.29","Upload de données détecté"
"2025-05-26 13:18:14","PROXY","nour.elmasri","GET","https://api.um6p.ma/data/submit","IP:10.10.12.57","Proxy chain détecté"
"2025-05-26 13:19:56","PROXY","dania.kassem","GET","http://um6p.lan/security/patch","IP:10.10.12.119","Requête HTTP non conforme"
"2025-05-26 13:20:11","PROXY","jafar.mohamed","GET","https://downloadcenter.um6p.ma/tools","IP:10.10.12.94","Trafic de type bot détecté"
"2025-05-26 13:21:35","PROXY","habib.mahfouz","POST","http://phish-zone.com/intranet","IP:10.10.12.118","Connexion vers API externe non reconnue"
"2025-05-26 13:22:17","PROXY","reem.taleb","POST","http://um6p.edu.ma/docs/rules","IP:10.10.12.124","Contenu malveillant détecté par antivirus"
"2025-05-26 13:23:44","PROXY","zain.ghazal","POST","http://unusual-traffic.com/redirect","IP:10.10.12.97","Accès autorisé - utilisateur validé"
"2025-05-26 13:24:13","PROXY","rami.salim","POST","https://assets.um6p.ma/js/core.min.js","IP:10.10.12.36","Utilisation de proxy public détectée"
"2025-05-26 13:25:31","PROXY","yasmin.abdulrahman","GET","http://phishing-expert.net/verify","IP:10.10.12.78","Connexion à un serveur inconnu"
"2025-05-26 13:26:06","PROXY","mohamed.hassan","GET","http://mail.um6p.ma/webmail","IP:10.10.12.2","Domaine inconnu détecté"
"2025-05-26 13:27:49","PROXY","yasir.khalaf","GET","http://external-storage.com/download/manual.pdf","IP:10.10.12.151","Proxy chain détecté"
"2025-05-26 13:28:39","PROXY","samah.fahmi","GET","http://notepad.download.com/plugin.exe","IP:10.10.12.143","Navigateur en mode incognito détecté"
"2025-05-26 13:29:04","PROXY","samir.shaheen","GET","http://fw-log.um6p.ma/download","IP:10.10.12.83","Connexion manuelle confirmée"
"2025-05-26 13:30:00","PROXY","nour.elmasri","POST","http://mail.um6p.ma/webmail","IP:10.10.12.57","Lien accédé plusieurs fois en quelques secondes"
"2025-05-26 13:31:21","PROXY","hala.sharif","GET","https://student.um6p.ma/submit","IP:10.10.12.27","Connexion autorisée par règle spéciale FW"
"2025-05-26 13:32:11","PROXY","muna.bakr","GET","http://exfiltration.tor/data.zip","IP:10.10.12.23","Requête POST vers site non autorisé"
"2025-05-26 13:33:03","PROXY","sara.abdelkarim","GET","http://10.0.1.45/api/info","IP:10.10.12.136","Connexion à un serveur inconnu"
"2025-05-26 13:34:46","PROXY","rania.faraj","GET","http://ad.um6p.ma/sync","IP:10.10.12.80","Requête HTTP avec header modifié"
"2025-05-26 13:35:53","PROXY","farid.shaheen","GET","http://data-internal.um6p.ma/secure/","IP:10.10.12.24","Signaux de compromission détectés"
"2025-05-26 13:36:29","PROXY","yasmeen.salim","GET","http://finance.um6p.ma/reports/q2","IP:10.10.12.110","Accès légitime"
"2025-05-26 13:37:25","PROXY","ahmed.bakr","POST","http://temp-mail.org/inbox","IP:10.10.12.55","Connexion vers API externe non reconnue"
"2025-05-26 13:38:24","PROXY","hala.sharif","GET","http://spoofed-mail.com/open","IP:10.10.12.27","Connexion sans User-Agent détectée"
"2025-05-26 13:39:16","PROXY","jamal.alfaraj","POST","http://helpdesk.um6p.ma/reset-password","IP:10.10.12.17","Accès administratif réussi"
"2025-05-26 13:40:45","PROXY","hibah.yusuf","GET","http://drive.um6p.ma/private/","IP:10.10.12.138","Signaux de compromission détectés"
"2025-05-26 13:41:09","PROXY","salma.hamdan","GET","http://10.10.12.45/update","IP:10.10.12.9","Flux interrompu par politique FW"
"2025-05-26 13:42:08","PROXY","samah.abdelfattah","POST","http://external-storage.com/download/manual.pdf","IP:10.10.12.54","Exécution de script JS inconnu"
"2025-05-26 13:43:00","PROXY","nour.elmasri","POST","http://data-internal.um6p.ma/secure/","IP:10.10.12.57","Signature de phishing connue détectée"
"2025-05-26 13:44:37","PROXY","firas.abbas","GET","http://um6p.ma/it/helpdesk","IP:10.10.12.131","Connexion manuelle confirmée"
"2025-05-26 13:45:08","PROXY","rania.faraj","GET","https://um6p.ma/resources/css/style.css","IP:10.10.12.80","Connexion vers URL inconnue"
"2025-05-26 13:46:29","PROXY","ahmed.alhaj","POST","http://dropbox.fake-um6p.com/share","IP:10.10.12.79","Utilisation de proxy public détectée"
"2025-05-26 13:47:45","PROXY","yasmeen.salim","GET","https://cloud.um6p.ma/storage/folder1","IP:10.10.12.110","Authentification échouée, mot de passe invalide"
"2025-05-26 13:48:19","PROXY","raihan.abdul","POST","http://portal.um6p.ma/grades","IP:10.10.12.102","Proxy chain détecté"
"2025-05-26 13:49:50","PROXY","ahmed.nafih","GET","https://training.um6p.ma/videos/lecture1","IP:10.10.12.150","Requête HTTP bloquée"
"2025-05-26 13:50:40","PROXY","raihan.abdul","GET","https://cloud.um6p.ma/storage/folder1","IP:10.10.12.102","Navigation vers site de partage interdit"
"2025-05-26 13:51:01","PROXY","ibrahim.hamed","GET","http://10.0.0.1:8080/admin","IP:10.10.12.16","Tentative de bypass sécurité AD"
"2025-05-26 13:52:10","PROXY","reem.ali","POST","http://ext-malicious.net/redir","IP:10.10.12.46","Lien suspect partagé via messagerie interne"
"2025-05-26 13:53:04","PROXY","amina.talal","GET","https://api-gateway.um6p.ma/v2/access","IP:10.10.12.35","Requête sortante bloquée"
"2025-05-26 13:54:31","PROXY","zohair.salim","GET","http://dropbox.fake-um6p.com/share","IP:10.10.12.156","Trafic redirigé vers honeypot"
"2025-05-26 13:55:15","PROXY","ali.mostafa","GET","https://vpn-access.um6p.ma/token","IP:10.10.12.8","Connexion rapide et répétée au même endpoint"
"2025-05-26 13:56:32","PROXY","salma.hamdan","POST","http://finance.um6p.ma/reports/q2","IP:10.10.12.9","Trafic normal"
"2025-05-26 13:57:55","PROXY","yasir.abdullah","POST","http://malicious-domain.ru/steal.php","IP:10.10.12.92","Connexion à un serveur inconnu"
"2025-05-26 13:58:13","PROXY","ahmed.bakr","GET","http://um6p.backup.local/restore","IP:10.10.12.55","Tentative d'accès externe non autorisé"
"2025-05-26 13:59:52","PROXY","salwa.hamdi","GET","https://student.um6p.ma/courses","IP:10.10.12.68","Accès refusé - domaine blacklisté"
"2025-05-26 14:00:43","PROXY","tamer.karim","POST","http://dl.um6p.ma/iso/latest","IP:10.10.12.87","URL encode suspect détecté"
"2025-05-26 14:01:48","PROXY","hibah.yusuf","GET","http://social-engineering.org/um6p_login","IP:10.10.12.138","Accès autorisé - utilisateur validé"
"2025-05-26 14:02:13","PROXY","rania.faraj","GET","http://internal-portal.um6p.ma/announcements","IP:10.10.12.80","URL contenant chaîne suspecte"
"2025-05-26 14:03:02","PROXY","hala.sharif","POST","http://smtp.um6p.ma/outbound","IP:10.10.12.27","Connexion sécurisée"
"2025-05-26 14:04:27","PROXY","bilal.abdelaziz","GET","http://phishing-site.com/login","IP:10.10.12.34","Trafic normal"
"2025-05-26 14:05:06","PROXY","reem.jabari","POST","http://mail.um6p.ma/webmail","IP:10.10.12.15","Connexion bloquée - comportement anormal"
"2025-05-26 14:06:08","PROXY","samir.shaheen","GET","https://cloud.um6p.ma/storage/folder1","IP:10.10.12.83","Connexion simultanée depuis plusieurs pays"
"2025-05-26 14:07:40","PROXY","ghassan.sharif","POST","http://internal.dev.um6p.ma/debug","IP:10.10.12.77","Utilisateur bloqué par politique réseau"
"2025-05-26 14:08:46","PROXY","muna.rashid","GET","https://api.um6p.ma/data/submit","IP:10.10.12.130","Blocage automatique activé"
"2025-05-26 14:09:28","PROXY","amin.ghanim","POST","https://downloadcenter.um6p.ma/tools","IP:10.10.12.107","Tentative de bypass sécurité AD"
"2025-05-26 14:10:16","PROXY","sami.jaber","POST","https://library.um6p.ma/journals/latest","IP:10.10.12.65","URL encode suspect détecté"
"2025-05-26 14:11:41","PROXY","rina.sharif","GET","http://updates.um6p.ma/windows/patch1","IP:10.10.12.154","Requête HTTP avec header modifié"
"2025-05-26 14:12:40","PROXY","yara.khaled","GET","http://proxy.um6p.ma/logs","IP:10.10.12.38","Connexion VPN rejetée"
"2025-05-26 14:13:06","PROXY","thamer.najjar","GET","https://profile.um6p.ma/edit","IP:10.10.12.72","Fichier téléchargé analysé, pas de menace"
"2025-05-26 14:14:02","PROXY","zainab.karim","POST","http://compromised-site.ru","IP:10.10.12.21","Utilisateur bloqué par politique réseau"
"2025-05-26 14:15:36","PROXY","khalil.abdullah","POST","https://student.um6p.ma/courses","IP:10.10.12.51","Tentative de spoofing réseau"
"2025-05-26 14:16:57","PROXY","rania.faraj","GET","http://ad.um6p.ma/sync","IP:10.10.12.80","Connexion manuelle confirmée"
"2025-05-26 14:17:21","PROXY","bilal.mansour","GET","http://admanager.um6p.ma/permissions","IP:10.10.12.123","Exfiltration de données possible"
"2025-05-26 14:18:02","PROXY","tarik.makki","POST","http://phishing-site.com/login","IP:10.10.12.113","Tentative de spoofing réseau"
"2025-05-26 14:19:33","PROXY","noura.abdul","GET","http://ext-malicious.net/redir","IP:10.10.12.147","Requête HTTP avec header modifié"
"2025-05-26 14:20:58","PROXY","fatima.alami","POST","http://helpdesk.um6p.ma/reset-password","IP:10.10.12.3","Utilisateur bloqué par politique réseau"
"2025-05-26 14:21:16","PROXY","rasha.younis","POST","https://hr.um6p.ma/leave/request","IP:10.10.12.96","Contenu malveillant détecté par antivirus"
"2025-05-26 14:22:14","PROXY","hala.karim","POST","https://webmail.um6p.ma/login","IP:10.10.12.93","Connexion via VPN interne"
"2025-05-26 14:23:49","PROXY","laila.mohsen","GET","http://um6p.edu.ma/docs/rules","IP:10.10.12.33","Session expirée - nouvelle tentative détectée"
"2025-05-26 14:24:55","PROXY","salim.hadi","GET","http://um6p.ma/it/helpdesk","IP:10.10.12.47","Domaine inconnu détecté"
"2025-05-26 14:25:11","PROXY","hibah.yusuf","POST","http://gitlab.um6p.ma/projectX/commit","IP:10.10.12.138","Tentative de transfert de données sensibles"
"2025-05-26 14:26:51","PROXY","adil.najjar","GET","http://phish-zone.com/intranet","IP:10.10.12.22","Connexion via VPN interne"
"2025-05-26 14:27:09","PROXY","ahmed.alhaj","POST","http://login.um6p.ma/login.php","IP:10.10.12.79","Requête sortante bloquée"
"2025-05-26 14:28:39","PROXY","wael.abdulrahim","GET","http://ext-malicious.net/redir","IP:10.10.12.74","Navigateur en mode incognito détecté"
"2025-05-26 14:29:22","PROXY","lamia.bader","POST","http://intranet.um6p.ma/home","IP:10.10.12.75","Connexion depuis IP Tor"
"2025-05-26 14:30:44","PROXY","salwa.hamdi","POST","http://phishing-expert.net/verify","IP:10.10.12.68","Scan de port détecté"
"2025-05-26 14:31:32","PROXY","laila.mohsen","GET","https://student.um6p.ma/submit","IP:10.10.12.33","Téléversement interdit détecté"
"2025-05-26 14:32:41","PROXY","marwan.alhaj","GET","https://webmail.um6p.ma/login","IP:10.10.12.155","Bloqué, domaine inconnu"
"2025-05-26 14:33:56","PROXY","ali.mostafa","GET","http://malware-download.com/file.exe","IP:10.10.12.8","Connexion autorisée, surveillance active"
"2025-05-26 14:34:08","PROXY","rasha.younis","POST","http://cache.um6p.ma/images/logo.png","IP:10.10.12.96","Redirection vers site de phishing"
"2025-05-26 14:35:24","PROXY","amin.ghanim","POST","http://malicious-scripts.net/mal.js","IP:10.10.12.107","Requête HTTP avec header modifié"
"2025-05-26 14:36:52","PROXY","omar.hakim","POST","http://lab.um6p.ma/experiments","IP:10.10.12.28","Tentative de phishing détectée"
"2025-05-26 14:37:47","PROXY","asmaa.rahman","POST","http://helpdesk.um6p.ma/reset-password","IP:10.10.12.30","Fichier exécutable détecté"
"2025-05-26 14:38:07","PROXY","basil.salama","GET","http://portal.um6p.ma/grades","IP:10.10.12.133","Bloqué, domaine inconnu"
"2025-05-26 14:39:00","PROXY","tarik.makki","GET","http://data-internal.um6p.ma/secure/","IP:10.10.12.113","Connexion à un serveur inconnu"
"2025-05-26 14:40:46","PROXY","sara.farid","POST","http://192.168.100.5/api/v1/token","IP:10.10.12.40","Navigateur en mode incognito détecté"
"2025-05-26 14:41:59","PROXY","rina.sharif","POST","https://webex.um6p.ma/room123","IP:10.10.12.154","Signaux de compromission détectés"
"2025-05-26 14:42:05","PROXY","dalia.abdulaziz","GET","http://fake-um6p-login.org/confirm","IP:10.10.12.48","Téléchargement autorisé depuis dépôt officiel"
"2025-05-26 14:43:35","PROXY","firas.abbas","POST","http://notepad.download.com/plugin.exe","IP:10.10.12.131","Requête vers domaine anonyme"
"2025-05-26 14:44:14","PROXY","rima.bashir","GET","http://um6p-ma-reporting.internal.net","IP:10.10.12.142","Lien contenu dans email suspect"
"2025-05-26 14:45:57","PROXY","khaled.rafat","GET","http://malicious-domain.ru/steal.php","IP:10.10.12.129","Lien suspect partagé via messagerie interne"
"2025-05-26 14:46:25","PROXY","youssef.khalil","POST","http://malicious-scripts.net/mal.js","IP:10.10.12.4","Lien accédé plusieurs fois en quelques secondes"
"2025-05-26 14:47:29","PROXY","marwan.alhaj","GET","http://10.10.0.22/printers/config","IP:10.10.12.155","Connexion depuis IP Tor"
"2025-05-26 14:48:43","PROXY","layla.abdullah","GET","http://user.um6p.ma/settings","IP:10.10.12.5","Réplication d’attaque précédemment identifiée"
"2025-05-26 14:49:02","PROXY","khaled.nasser","GET","http://portal.um6p.ma/grades","IP:10.10.12.10","Échec de vérification d'identité"
"2025-05-26 14:50:39","PROXY","layla.abdullah","GET","http://data-internal.um6p.ma/secure/","IP:10.10.12.5","URL classée dans catégorie interdite"
"2025-05-26 14:51:28","PROXY","adil.najjar","POST","http://vpn-service.um6p.ma/login","IP:10.10.12.22","Connexion bloquée - comportement anormal"
"2025-05-26 14:52:43","PROXY","samir.alhassan","POST","https://webmail.um6p.ma/login","IP:10.10.12.29","Demande de ressource interne depuis IP externe"
"2025-05-26 14:53:21","PROXY","younes.abdullah","GET","http://server01.um6p.ma:443/dashboard","IP:10.10.12.144","Navigation vers site de partage interdit"
"2025-05-26 14:54:18","PROXY","bilal.mansour","GET","http://drive-by-download.org/index.html","IP:10.10.12.123","Utilisateur désactivé a tenté de se connecter"
"2025-05-26 14:55:51","PROXY","zaki.bahaa","GET","http://ext-malicious.net/redir","IP:10.10.12.49","Lien suspect partagé via messagerie interne"
"2025-05-26 14:56:12","PROXY","samah.abdelfattah","GET","https://vpn.um6p.ma/portal","IP:10.10.12.54","Contenu malveillant détecté par antivirus"
"2025-05-26 14:57:26","PROXY","nader.shams","POST","http://compromised-site.ru","IP:10.10.12.101","Navigateur en mode incognito détecté"
"2025-05-26 14:58:46","PROXY","reem.jabari","POST","http://internal-api.um6p.ma/v1","IP:10.10.12.15","Requête HTTP bloquée"
"2025-05-26 14:59:48","PROXY","tariq.mansour","GET","http://phish-zone.com/intranet","IP:10.10.12.12","Requête vers domaine anonyme"
"2025-05-26 15:00:40","PROXY","firas.mohamed","GET","https://github.com/um6p/internship2025","IP:10.10.12.60","Connexion sécurisée"
"2025-05-26 15:01:46","PROXY","manar.halabi","POST","https://secure.um6p.ma/bank/payroll","IP:10.10.12.100","Connexion via VPN interne"
"2025-05-26 15:02:43","PROXY","mohanna.hadi","POST","http://helpdesk.um6p.ma/reset-password","IP:10.10.12.66","Trafic redirigé vers honeypot"
"2025-05-26 15:03:33","PROXY","raihan.abdul","POST","http://10.10.0.22/printers/config","IP:10.10.12.102","URL incluse dans liste grise"
"2025-05-26 15:04:31","PROXY","hassan.amir","GET","http://10.10.14.22:8081/admin/config","IP:10.10.12.14","Requête HTTP bloquée"
"2025-05-26 15:05:32","PROXY","ibrahim.hamed","GET","http://server01.um6p.ma:443/dashboard","IP:10.10.12.16","Utilisateur désactivé a tenté de se connecter"
"2025-05-26 15:06:08","PROXY","raihan.abdul","GET","http://fw-log.um6p.ma/download","IP:10.10.12.102","Navigation anormale détectée"
"2025-05-26 15:07:59","PROXY","sawsan.mansour","POST","http://test.internal.lan/dashboard","IP:10.10.12.73","Connexion simultanée depuis plusieurs pays"
"2025-05-26 15:08:33","PROXY","zain.ghazal","POST","https://secure.um6p.ma/bank/payroll","IP:10.10.12.97","Utilisateur bloqué par politique réseau"
"2025-05-26 15:09:15","PROXY","maysa.abdelrahman","GET","https://assets.um6p.ma/js/core.min.js","IP:10.10.12.149","Tentative de transfert de données sensibles"
"2025-05-26 15:10:48","PROXY","noura.salem","POST","http://dropbox.fake-um6p.com/share","IP:10.10.12.7","Changement d'adresse IP détecté"
"2025-05-26 15:11:48","PROXY","maysa.abdelrahman","GET","http://exfiltration.tor/data.zip","IP:10.10.12.149","URL contenant chaîne suspecte"
"2025-05-26 15:12:24","PROXY","abdulrahman.karim","POST","http://cdn.um6p.ma/js/app.js","IP:10.10.12.58","Proxy chain détecté"
"2025-05-26 15:13:16","PROXY","bilal.jaber","POST","https://redirect.um6p.ma/page","IP:10.10.12.91","Navigation vers site de partage interdit"
"2025-05-26 15:14:53","PROXY","hafsa.mansur","GET","http://intranet.um6p.ma/home","IP:10.10.12.128","URL classée dans catégorie interdite"
"2025-05-26 15:15:48","PROXY","yasmeen.salim","POST","https://assets.um6p.ma/js/core.min.js","IP:10.10.12.110","Utilisation de proxy public détectée"
"2025-05-26 15:16:00","PROXY","jafar.mohamed","POST","https://hr.um6p.ma/leave/request","IP:10.10.12.94","Accès autorisé - utilisateur validé"
"2025-05-26 15:17:14","PROXY","nidaa.farouk","GET","https://monitoring.um6p.ma/grafana","IP:10.10.12.90","Échec de vérification d'identité"
"2025-05-26 15:18:50","PROXY","muhannad.almasri","GET","http://finance.um6p.ma/reports/q2","IP:10.10.12.125","Connexion à une base de données non sécurisée"
"2025-05-26 15:19:58","PROXY","nidaa.farouk","GET","http://backdoor.um6p.fake/path","IP:10.10.12.90","Connexion autorisée par règle spéciale FW"
"2025-05-26 15:20:20","PROXY","mustafa.alraqi","GET","https://webex.um6p.ma/room123","IP:10.10.12.41","Fichier téléchargé analysé, pas de menace"
"2025-05-26 15:21:28","PROXY","hala.karim","GET","http://internal-portal.um6p.ma/announcements","IP:10.10.12.93","Navigateur en mode incognito détecté"
"2025-05-26 15:22:20","PROXY","raed.saleh","GET","http://fw-log.um6p.ma/download","IP:10.10.12.121","Téléchargement de script bloqué"
"2025-05-26 15:23:18","PROXY","youssef.khalil","POST","http://malicious-scripts.net/mal.js","IP:10.10.12.4","Connexion multiple en courte durée"
"2025-05-26 15:24:25","PROXY","omar.salem","POST","http://admin.um6p.ma/tools/logs","IP:10.10.12.89","Accès autorisé - utilisateur validé"
"2025-05-26 15:25:59","PROXY","lina.abdulaziz","POST","http://dropbox.fake-um6p.com/share","IP:10.10.12.86","Accès autorisé - utilisateur validé"
"2025-05-26 15:26:02","PROXY","manal.rashid","GET","http://malicious-scripts.net/mal.js","IP:10.10.12.61","Requête HTTP non conforme"
"2025-05-26 15:27:52","PROXY","younes.abdullah","GET","https://profile.um6p.ma/edit","IP:10.10.12.144","Connexion à un serveur inconnu"
"2025-05-26 15:28:28","PROXY","karim.faraj","POST","http://data-internal.um6p.ma/secure/","IP:10.10.12.85","URL incluse dans liste grise"
"2025-05-26 15:29:04","PROXY","mohamed.hassan","GET","http://data.leak.org/um6p.db","IP:10.10.12.2","Suspicion d'activité automatisée"
"2025-05-26 15:30:20","PROXY","wahid.farhan","GET","https://library.um6p.ma/journals/latest","IP:10.10.12.105","Trafic inhabituel détecté"
"2025-05-26 15:31:57","PROXY","aya.zahra","POST","https://secure-login.um6p.ma/verify","IP:10.10.12.11","Connexion bloquée - comportement anormal"
"2025-05-26 15:32:40","PROXY","ahmed.alsayed","POST","https://docs.um6p.ma/security/guide.pdf","IP:10.10.12.1","Connexion rapide et répétée au même endpoint"
"2025-05-26 15:33:36","PROXY","maysa.abdelrahman","GET","https://assets.um6p.ma/js/core.min.js","IP:10.10.12.149","Utilisateur bloqué par politique réseau"
"2025-05-26 15:34:02","PROXY","salma.hamdan","POST","https://vpn-access.um6p.ma/token","IP:10.10.12.9","Flux interrompu par politique FW"
"2025-05-26 15:35:46","PROXY","wahid.farhan","POST","http://lab.um6p.ma/experiments","IP:10.10.12.105","Trafic normal"
"2025-05-26 15:36:32","PROXY","manar.halabi","GET","http://external-storage.com/download/manual.pdf","IP:10.10.12.100","Lien suspect partagé via messagerie interne"
"2025-05-26 15:37:53","PROXY","wahid.farhan","POST","http://10.10.12.99/cgi-bin/test.cgi","IP:10.10.12.105","Signature de malware détectée"
"2025-05-26 15:38:58","PROXY","maysa.abdelrahman","POST","http://drive.um6p.ma/private/","IP:10.10.12.149","Nom de domaine reconnu comme malveillant"
"2025-05-26 15:39:43","PROXY","jumana.ghazi","GET","http://drive.um6p.ma/private/","IP:10.10.12.104","Connexion autorisée par règle spéciale FW"
"2025-05-26 15:40:36","PROXY","bilal.jaber","GET","http://phishing-site.com/login","IP:10.10.12.91","Tentative d'accès au panneau d'administration"
"2025-05-26 15:41:56","PROXY","yara.khaled","POST","http://fakevpn.um6p.net/connect","IP:10.10.12.38","Blocage automatique activé"
"2025-05-26 15:42:00","PROXY","yara.khaled","GET","http://user.um6p.ma/settings","IP:10.10.12.38","Tentative de contournement du proxy"
"2025-05-26 15:43:08","PROXY","hamza.zaki","POST","http://admin.um6p.ma/tools/logs","IP:10.10.12.43","Échec accès, utilisateur inconnu"
"2025-05-26 15:44:01","PROXY","noor.jalal","GET","http://ext-malicious.net/redir","IP:10.10.12.20","Connexion manuelle confirmée"
"2025-05-26 15:45:07","PROXY","abdulrahman.karim","POST","http://intranet.um6p.ma/home","IP:10.10.12.58","Scan de port détecté"
"2025-05-26 15:46:48","PROXY","ahmed.alsayed","GET","http://smtp.um6p.ma/outbound","IP:10.10.12.1","Connexion rapide et répétée au même endpoint"
"2025-05-26 15:47:33","PROXY","layla.abdullah","POST","http://malicious-scripts.net/mal.js","IP:10.10.12.5","Tentative de contournement du proxy"
"2025-05-26 15:48:56","PROXY","samah.fahmi","POST","http://phishing-site.com/login","IP:10.10.12.143","Accès administratif réussi"
"2025-05-26 15:49:03","PROXY","samah.fahmi","POST","http://gitlab.um6p.ma/projectX/commit","IP:10.10.12.143","Connexion à une base de données non sécurisée"
"2025-05-26 15:50:47","PROXY","ahmed.nafih","POST","https://docs.um6p.ma/security/guide.pdf","IP:10.10.12.150","Connexion bloquée - comportement anormal"
"2025-05-26 15:51:12","PROXY","sara.farid","GET","http://user.um6p.ma/settings","IP:10.10.12.40","Bloqué par firewall"
"2025-05-26 15:52:12","PROXY","ahmed.nafih","GET","http://downloads.um6p.ma/drivers/gpu.exe","IP:10.10.12.150","Utilisateur désactivé a tenté de se connecter"
"2025-05-26 15:53:03","PROXY","nour.elmasri","GET","http://gitlab.um6p.ma/projectX/commit","IP:10.10.12.57","Tentative de connexion brute force"
"2025-05-26 15:54:28","PROXY","tarik.makki","GET","http://10.10.12.99/cgi-bin/test.cgi","IP:10.10.12.113","Signature de malware détectée"
"2025-05-26 15:55:41","PROXY","nader.alsalem","GET","http://drive.um6p.ma/private/","IP:10.10.12.76","Authentification échouée, mot de passe invalide"
"2025-05-26 15:56:30","PROXY","amin.ghanim","GET","https://meeting.um6p.ma/conference?id=9321","IP:10.10.12.107","Connexion manuelle confirmée"
"2025-05-26 15:57:14","PROXY","thamer.najjar","GET","http://um6p.edu.ma/docs/rules","IP:10.10.12.72","Utilisation de port non standard détectée"
"2025-05-26 15:58:27","PROXY","hibah.yusuf","POST","http://smtp.um6p.ma/outbound","IP:10.10.12.138","Connexion réseau interrompue"
"2025-05-26 15:59:51","PROXY","zaki.bahaa","GET","http://data.leak.org/um6p.db","IP:10.10.12.49","Suspicion d'activité automatisée"
"2025-05-26 16:00:07","PROXY","abdulrahman.karim","GET","http://phishing-site.com/login","IP:10.10.12.58","Domaine récemment enregistré"
"2025-05-26 16:01:07","PROXY","rana.azzam","POST","http://data.leak.org/um6p.db","IP:10.10.12.25","Lien contenu dans email suspect"
"2025-05-26 16:02:01","PROXY","fahd.saadi","GET","https://monitoring.um6p.ma/grafana","IP:10.10.12.50","Navigation anormale détectée"
"2025-05-26 16:03:08","PROXY","rashid.nour","POST","http://fw-log.um6p.ma/download","IP:10.10.12.109","URL encode suspect détecté"
"2025-05-26 16:04:49","PROXY","najwa.bassem","POST","http://notepad.download.com/plugin.exe","IP:10.10.12.44","Signaux de compromission détectés"
"2025-05-26 16:05:40","PROXY","zubair.abdulqadir","GET","https://webmail.um6p.ma/login","IP:10.10.12.111","Lien accédé plusieurs fois en quelques secondes"
"2025-05-26 16:06:51","PROXY","hala.sharif","POST","http://intranet.um6p.ma/home","IP:10.10.12.27","Fichier téléchargé analysé, pas de menace"
"2025-05-26 16:07:59","PROXY","raihan.abdul","GET","http://social-engineering.org/um6p_login","IP:10.10.12.102","Signaux de compromission détectés"
"2025-05-26 16:08:05","PROXY","hala.karim","GET","http://social-engineering.org/um6p_login","IP:10.10.12.93","Scan de port détecté"
"2025-05-26 16:09:25","PROXY","nabil.ayoub","GET","https://docs.um6p.ma/security/guide.pdf","IP:10.10.12.32","Utilisation de port non standard détectée"
"2025-05-26 16:10:48","PROXY","tarek.bahaa","POST","http://user.um6p.ma/settings","IP:10.10.12.135","Flux interrompu par politique FW"
"2025-05-26 16:11:39","PROXY","mohsen.najjar","GET","http://dropbox.fake-um6p.com/share","IP:10.10.12.45","Connexion VPN rejetée"
"2025-05-26 16:12:36","PROXY","manal.rashid","POST","http://internal-portal.um6p.ma/announcements","IP:10.10.12.61","Requête vers domaine anonyme"
"2025-05-26 16:13:08","PROXY","reem.ali","POST","http://unknown-site.com","IP:10.10.12.46","Signature de phishing connue détectée"
"2025-05-26 16:14:56","PROXY","khaled.rafat","GET","http://helpdesk.um6p.ma/reset-password","IP:10.10.12.129","Requête vers domaine anonyme"
"2025-05-26 16:15:44","PROXY","basil.salama","POST","http://updates.um6p.ma/windows/patch1","IP:10.10.12.133","Requête suspecte vers CDN externe"
"2025-05-26 16:16:56","PROXY","jafar.mohamed","GET","https://training.um6p.ma/videos/lecture1","IP:10.10.12.94","Tentative de transfert de données sensibles"
"2025-05-26 16:17:22","PROXY","muna.rashid","POST","https://github.com/um6p/internship2025","IP:10.10.12.130","Téléchargement autorisé depuis dépôt officiel"
"2025-05-26 16:18:54","PROXY","rashid.nour","GET","http://um6p-docs-support.com/login","IP:10.10.12.109","URL encode suspect détecté"
"2025-05-26 16:19:04","PROXY","reem.jabari","POST","http://10.10.12.45/login.html","IP:10.10.12.15","Proxy chain détecté"
"2025-05-26 16:20:55","PROXY","habib.mahfouz","POST","https://profile.um6p.ma/edit","IP:10.10.12.118","Requête suspecte vers CDN externe"
"2025-05-26 16:21:49","PROXY","asmaa.rahman","GET","http://um6p.backup.local/restore","IP:10.10.12.30","Tentative de transfert de données sensibles"
"2025-05-26 16:22:03","PROXY","jihad.abed","GET","https://monitoring.um6p.ma/grafana","IP:10.10.12.67","Téléchargement de fichier malveillant bloqué"
"2025-05-26 16:23:01","PROXY","hala.karim","POST","http://downloads.um6p.ma/drivers/gpu.exe","IP:10.10.12.93","Contenu malveillant détecté par antivirus"
"2025-05-26 16:24:53","PROXY","yasmin.abdulrahman","POST","http://vpn-service.um6p.ma/login","IP:10.10.12.78","Échec de vérification d'identité"
"2025-05-26 16:25:14","PROXY","khalil.abdullah","POST","http://ceo-fake.company.org","IP:10.10.12.51","Tentative de phishing détectée"
"2025-05-26 16:26:44","PROXY","karim.faraj","POST","http://10.10.0.22/printers/config","IP:10.10.12.85","Requête HTTP bloquée"
"2025-05-26 16:27:21","PROXY","rashid.nour","POST","http://fw-log.um6p.ma/download","IP:10.10.12.109","Accès détecté en dehors des heures ouvrables"
"2025-05-26 16:28:20","PROXY","mona.abdul","GET","https://student.um6p.ma/submit","IP:10.10.12.71","Navigation anormale détectée"
"2025-05-26 16:29:37","PROXY","adil.azzam","GET","https://api.um6p.ma/data/submit","IP:10.10.12.127","Trafic de type bot détecté"
"2025-05-26 16:30:44","PROXY","hibah.yusuf","POST","http://ext-malicious.net/redir","IP:10.10.12.138","Requête HTTP non conforme"
"2025-05-26 16:31:11","PROXY","younes.abdullah","POST","http://portal.um6p.ma/grades","IP:10.10.12.144","Scan de port détecté"
"2025-05-26 16:32:06","PROXY","ali.mostafa","GET","http://um6p.edu.ma/docs/rules","IP:10.10.12.8","Téléchargement de script bloqué"
"2025-05-26 16:33:47","PROXY","jihad.abed","POST","http://temp-mail.org/inbox","IP:10.10.12.67","Trafic redirigé vers honeypot"
"2025-05-26 16:34:57","PROXY","yasir.khalaf","GET","http://intranet.um6p.ma/home","IP:10.10.12.151","Requête HTTP bloquée"
"2025-05-26 16:35:21","PROXY","jihad.abed","POST","http://malicious-domain.ru/steal.php","IP:10.10.12.67","Page accédée via lien mail"
"2025-05-26 16:36:54","PROXY","ibraheem.shaar","POST","http://proxy.um6p.ma/logs","IP:10.10.12.70","Requête GET excessive"
"2025-05-26 16:37:16","PROXY","nidaa.farouk","POST","http://10.10.10.10:9000/devops","IP:10.10.12.90","Connexion autorisée par règle spéciale FW"
"2025-05-26 16:38:30","PROXY","zaina.karim","GET","https://student.um6p.ma/courses","IP:10.10.12.132","Fichier exécutable détecté"
"2025-05-26 16:39:08","PROXY","reem.jabari","GET","http://um6p.backup.local/restore","IP:10.10.12.15","Tentative de transfert de données sensibles"
"2025-05-26 16:40:06","PROXY","nashit.alhadi","GET","http://um6p.lan/security/patch","IP:10.10.12.141","Nom de domaine reconnu comme malveillant"
"2025-05-26 16:41:09","PROXY","amin.ghanim","GET","http://social-engineering.org/um6p_login","IP:10.10.12.107","Connexion suspecte détectée"
"2025-05-26 16:42:16","PROXY","fahd.saadi","GET","https://profile.um6p.ma/edit","IP:10.10.12.50","Requête HTTP avec header modifié"
"2025-05-26 16:43:46","PROXY","mohamed.hassan","POST","http://um6p.ma/it/helpdesk","IP:10.10.12.2","Connexion vers URL inconnue"
"2025-05-26 16:44:20","PROXY","mahmoud.najjar","GET","https://hr.um6p.ma/leave/request","IP:10.10.12.139","Accès légitime"
"2025-05-26 16:45:26","PROXY","wahid.farhan","GET","http://ceo-fake.company.org","IP:10.10.12.105","Tentative d'accès externe non autorisé"
"2025-05-26 16:46:41","PROXY","ahmed.bakr","POST","http://dropbox.fake-um6p.com/share","IP:10.10.12.55","Protocole anormal utilisé pour POST"
"2025-05-26 16:47:48","PROXY","mustafa.alraqi","GET","http://backdoor.um6p.fake/path","IP:10.10.12.41","Navigateur non reconnu"
"2025-05-26 16:48:45","PROXY","sawsan.mansour","POST","http://gitlab.um6p.ma/projectX/commit","IP:10.10.12.73","Session expirée - nouvelle tentative détectée"
"2025-05-26 16:49:39","PROXY","sara.abdelkarim","GET","https://monitoring.um6p.ma/grafana","IP:10.10.12.136","Navigateur non reconnu"
"2025-05-26 16:50:12","PROXY","ahmed.alsayed","POST","https://github.com/um6p/internship2025","IP:10.10.12.1","Accès détecté en dehors des heures ouvrables"
"2025-05-26 16:51:42","PROXY","nawal.ibrahim","POST","http://helpdesk.um6p.ma/reset-password","IP:10.10.12.116","Requête HTTP bloquée"
"2025-05-26 16:52:28","PROXY","adil.najjar","POST","http://internal.dev.um6p.ma/debug","IP:10.10.12.22","Exécution de script JS inconnu"
"2025-05-26 16:53:18","PROXY","mohamed.hassan","GET","http://phish-links.net/credentials","IP:10.10.12.2","Redirection vers site de phishing"
"2025-05-26 16:54:24","PROXY","jamal.alfaraj","POST","http://blacklist-checker.net/um6p","IP:10.10.12.17","Accès refusé - domaine blacklisté"
"2025-05-26 16:55:20","PROXY","kamilah.mohamed","POST","https://downloadcenter.um6p.ma/tools","IP:10.10.12.81","Demande de ressource interne depuis IP externe"
"2025-05-26 16:56:36","PROXY","samah.fahmi","GET","http://wiki.um6p.ma/howto/firewall","IP:10.10.12.143","Connexion bloquée - comportement anormal"
"2025-05-26 16:57:45","PROXY","samir.alhassan","GET","http://lab.um6p.ma/experiments","IP:10.10.12.29","Redirection vers site de phishing"
"2025-05-26 16:58:10","PROXY","zayd.abdelrahim","GET","http://helpdesk.um6p.ma/reset-password","IP:10.10.12.82","Requête POST vers site non autorisé"
"2025-05-26 16:59:06","PROXY","samir.alhassan","POST","http://drive-by-download.org/index.html","IP:10.10.12.29","Connexion réseau interrompue"
"2025-05-26 17:00:50","PROXY","sawsan.mansour","POST","http://iot.um6p.ma/devices/status","IP:10.10.12.73","Flux interrompu par politique FW"
"2025-05-26 17:01:23","PROXY","nour.elmasri","POST","http://dropbox.fake-um6p.com/share","IP:10.10.12.57","Téléchargement de fichier malveillant bloqué"
"2025-05-26 17:02:21","PROXY","hamza.karim","GET","http://malicious-domain.ru/steal.php","IP:10.10.12.153","Connexion depuis IP Tor"
"2025-05-26 17:03:49","PROXY","ahmed.nafih","GET","http://vpn-service.um6p.ma/login","IP:10.10.12.150","Lien suspect partagé via messagerie interne"
"2025-05-26 17:04:55","PROXY","nidaa.farouk","POST","http://unknown-site.com","IP:10.10.12.90","Requête HTTP avec header modifié"
"2025-05-26 17:05:15","PROXY","aya.zahra","GET","http://10.0.0.1:8080/admin","IP:10.10.12.11","Téléchargement autorisé depuis dépôt officiel"
"2025-05-26 17:06:12","PROXY","omar.fahad","POST","http://proxy.um6p.ma/logs","IP:10.10.12.6","Domaine récemment enregistré"
"2025-05-26 17:07:23","PROXY","dina.farouk","POST","http://phishing-site.com/login","IP:10.10.12.13","Tentative d'accès au panneau d'administration"
"2025-05-26 17:08:45","PROXY","zaina.karim","GET","http://vpn-service.um6p.ma/login","IP:10.10.12.132","URL contenue dans courriel suspect"
"2025-05-26 17:09:40","PROXY","hamza.karim","POST","http://downloads.um6p.ma/drivers/gpu.exe","IP:10.10.12.153","Trafic normal"
"2025-05-26 17:10:55","PROXY","younes.abdullah","GET","http://10.0.1.45/api/info","IP:10.10.12.144","Fichier exécutable détecté"
"2025-05-26 17:11:46","PROXY","nader.alsalem","GET","http://phishing-expert.net/verify","IP:10.10.12.76","Échec de vérification d'identité"
"2025-05-26 17:12:50","PROXY","nisreen.jamal","POST","http://10.10.0.22/printers/config","IP:10.10.12.106","Proxy chain détecté"
"2025-05-26 17:13:33","PROXY","nashit.alhadi","POST","http://updates.um6p.ma/windows/patch1","IP:10.10.12.141","Requête vers domaine anonyme"
"2025-05-26 17:14:32","PROXY","salwa.hamdi","GET","http://db-admin.um6p.ma/phpmyadmin","IP:10.10.12.68","Lien suspect partagé via messagerie interne"
"2025-05-26 17:15:57","PROXY","tariq.mansour","GET","https://webmail.um6p.ma/login","IP:10.10.12.12","Signature de phishing connue détectée"
"2025-05-26 17:16:48","PROXY","raed.saleh","POST","http://smtp.um6p.ma/outbound","IP:10.10.12.121","Contenu malveillant détecté par antivirus"
"2025-05-26 17:17:52","PROXY","kamilah.mohamed","GET","http://phish-links.net/credentials","IP:10.10.12.81","Échec accès, utilisateur inconnu"
"2025-05-26 17:18:12","PROXY","samir.alhassan","POST","https://docs.um6p.ma/security/guide.pdf","IP:10.10.12.29","Lien contenu dans email suspect"
"2025-05-26 17:19:08","PROXY","ibraheem.shaar","POST","http://10.0.1.45/api/info","IP:10.10.12.70","Lien accédé plusieurs fois en quelques secondes"
"2025-05-26 17:20:43","PROXY","kareem.jamal","POST","http://fakevpn.um6p.net/connect","IP:10.10.12.39","Fichier exécutable détecté"
"2025-05-26 17:21:44","PROXY","yasir.khalaf","POST","http://phishing-site.com/login","IP:10.10.12.151","Protocole anormal utilisé pour POST"
"2025-05-26 17:22:25","PROXY","youssef.khalil","POST","https://docs.um6p.ma/security/guide.pdf","IP:10.10.12.4","Tentative d'accès externe non autorisé"
